{"cameraMode":{"drawMode":0,"name":"Shaded","section":"Shading Mode"},"sceneLighting":true,"audioPlay":false,"sceneViewState":{"showFog":true,"showMaterialUpdate":false,"showSkybox":true,"showFlares":true,"showImageEffects":true,"showParticleSystems":true},"in2DMode":false,"pivot":{"x":-9.143255233764649,"y":2.1062190532684328,"z":1.87890625},"rotation":{"x":0.001651412807404995,"y":-0.9866694808006287,"z":0.16247886419296266,"w":0.010056247934699059},"size":13.097177505493164,"orthographic":false}