{"cameraMode":{"drawMode":0,"name":"Shaded","section":"Shading Mode"},"sceneLighting":true,"audioPlay":false,"sceneViewState":{"showFog":true,"showMaterialUpdate":false,"showSkybox":true,"showFlares":true,"showImageEffects":true,"showParticleSystems":true},"in2DMode":false,"pivot":{"x":20.723569869995118,"y":3.643444538116455,"z":-2.2484726905822756},"rotation":{"x":-0.23095087707042695,"y":0.09961895644664765,"z":-0.02377837337553501,"w":-0.9675605893135071},"size":134.2335205078125,"orthographic":false}