{"cameraMode":{"drawMode":0,"name":"Shaded","section":"Shading Mode"},"sceneLighting":true,"audioPlay":false,"sceneViewState":{"showFog":true,"showMaterialUpdate":false,"showSkybox":true,"showFlares":true,"showImageEffects":true,"showParticleSystems":true},"in2DMode":false,"pivot":{"x":14.006532669067383,"y":12.175381660461426,"z":0.9371907711029053},"rotation":{"x":-0.45832186937332156,"y":0.08005524426698685,"z":-0.04150637239217758,"w":-0.8842195272445679},"size":233.89942932128907,"orthographic":false}