{"cameraMode":{"drawMode":0,"name":"Shaded","section":"Shading Mode"},"sceneLighting":true,"audioPlay":false,"sceneViewState":{"showFog":false,"showMaterialUpdate":false,"showSkybox":false,"showFlares":false,"showImageEffects":false,"showParticleSystems":false},"in2DMode":false,"pivot":{"x":75.09420776367188,"y":4.140829086303711,"z":23.65865707397461},"rotation":{"x":0.22362975776195527,"y":-0.026610545814037324,"z":0.0061106206849217419,"w":0.9743480086326599},"size":281.080810546875,"orthographic":false}