{"cameraMode":{"drawMode":0,"name":"Shaded","section":"Shading Mode"},"sceneLighting":true,"audioPlay":false,"sceneViewState":{"showFog":false,"showMaterialUpdate":false,"showSkybox":false,"showFlares":false,"showImageEffects":false,"showParticleSystems":false},"in2DMode":false,"pivot":{"x":75.09420776367188,"y":4.140829086303711,"z":23.65865707397461},"rotation":{"x":0.28842639923095705,"y":0.6994809508323669,"z":-0.37815335392951968,"w":0.5335203409194946},"size":494.3935546875,"orthographic":false}