{"cameraMode":{"drawMode":0,"name":"Shaded","section":"Shading Mode"},"sceneLighting":true,"audioPlay":false,"sceneViewState":{"showFog":true,"showMaterialUpdate":false,"showSkybox":true,"showFlares":true,"showImageEffects":true,"showParticleSystems":true},"in2DMode":false,"pivot":{"x":-54.310462951660159,"y":182.4166717529297,"z":-114.27442169189453},"rotation":{"x":-0.13036777079105378,"y":-0.15195727348327638,"z":0.020220516249537469,"w":-0.9795623421669006},"size":1741.99560546875,"orthographic":false}